society_1,society_2,latitude_x,longitude_x,latitude_y,longitude_y,Distance,Time
1,1,28.413494,77.045502,28.413494,77.045502,0,0
2,1,28.426756,77.03954300000002,28.413494,77.045502,3455,914
3,1,28.403252000000002,77.047073,28.413494,77.045502,3045,898
7,1,28.401498999999998,77.052734,28.413494,77.045502,3520,1000
8,1,28.394921999999998,77.02930500000002,28.413494,77.045502,5432,1024
9,1,28.393707,77.028603,28.413494,77.045502,5360,1044
10,1,28.424540000000004,77.034126,28.413494,77.045502,4597,1140
11,1,28.424128999999997,77.03609499999997,28.413494,77.045502,4680,1173
12,1,28.404265999999996,77.045349,28.413494,77.045502,3272,822
14,1,28.407685999999998,77.059799,28.413494,77.045502,4285,1013
15,1,28.41469600000001,77.069862,28.413494,77.045502,4361,1066
16,1,28.425392,77.042679,28.413494,77.045502,3405,874
17,1,28.413244,77.111946,28.413494,77.045502,10113,1555
18,1,28.406481,77.04248,28.413494,77.045502,2258,583
19,1,28.412948999999998,77.069412,28.413494,77.045502,3948,977
20,1,28.41283,77.057426,28.413494,77.045502,2919,746
21,1,28.415783,77.05953199999998,28.413494,77.045502,3096,811
22,1,28.417187,77.041855,28.413494,77.045502,1833,539
23,1,28.409264,77.041443,28.413494,77.045502,2125,601
24,1,28.406275,77.03942099999998,28.413494,77.045502,2580,653
25,1,28.411682,77.039955,28.413494,77.045502,1874,576
26,1,28.396477,77.037178,28.413494,77.045502,4522,929
27,1,28.39573900000001,77.032387,28.413494,77.045502,4490,922
28,1,28.39342700000001,77.021744,28.413494,77.045502,5753,1034
29,1,28.417279999999998,77.039528,28.413494,77.045502,2287,659
30,1,28.409547999999997,77.03376,28.413494,77.045502,2502,668
1,2,28.413494,77.045502,28.426756,77.03954300000002,3464,907
2,2,28.426756,77.03954300000002,28.426756,77.03954300000002,0,0
3,2,28.403252000000002,77.047073,28.426756,77.03954300000002,4816,1076
7,2,28.401498999999998,77.052734,28.426756,77.03954300000002,4783,1054
8,2,28.394921999999998,77.02930500000002,28.426756,77.03954300000002,5860,1013
9,2,28.393707,77.028603,28.426756,77.03954300000002,5787,1033
10,2,28.424540000000004,77.034126,28.426756,77.03954300000002,3218,623
11,2,28.424128999999997,77.03609499999997,28.426756,77.03954300000002,3301,656
12,2,28.404265999999996,77.045349,28.426756,77.03954300000002,3668,804
14,2,28.407685999999998,77.059799,28.426756,77.03954300000002,5671,1173
15,2,28.41469600000001,77.069862,28.426756,77.03954300000002,5872,1079
16,2,28.425392,77.042679,28.426756,77.03954300000002,922,321
17,2,28.413244,77.111946,28.426756,77.03954300000002,11050,1638
18,2,28.406481,77.04248,28.426756,77.03954300000002,2685,572
19,2,28.412948999999998,77.069412,28.426756,77.03954300000002,5325,1009
20,2,28.41283,77.057426,28.426756,77.03954300000002,5207,989
21,2,28.415783,77.05953199999998,28.426756,77.03954300000002,4849,928
22,2,28.417187,77.041855,28.426756,77.03954300000002,2289,542
23,2,28.409264,77.041443,28.426756,77.03954300000002,2553,590
24,2,28.406275,77.03942099999998,28.426756,77.03954300000002,3007,642
25,2,28.411682,77.039955,28.426756,77.03954300000002,2302,565
26,2,28.396477,77.037178,28.426756,77.03954300000002,4950,918
27,2,28.39573900000001,77.032387,28.426756,77.03954300000002,4918,911
28,2,28.39342700000001,77.021744,28.426756,77.03954300000002,6181,1023
29,2,28.417279999999998,77.039528,28.426756,77.03954300000002,2189,533
30,2,28.409547999999997,77.03376,28.426756,77.03954300000002,2929,657
1,3,28.413494,77.045502,28.403252000000002,77.047073,2482,675
2,3,28.426756,77.03954300000002,28.403252000000002,77.047073,3937,824
3,3,28.403252000000002,77.047073,28.403252000000002,77.047073,0,0
7,3,28.401498999999998,77.052734,28.403252000000002,77.047073,1719,514
8,3,28.394921999999998,77.02930500000002,28.403252000000002,77.047073,3148,633
9,3,28.393707,77.028603,28.403252000000002,77.047073,3075,653
10,3,28.424540000000004,77.034126,28.403252000000002,77.047073,5078,1049
11,3,28.424128999999997,77.03609499999997,28.403252000000002,77.047073,5162,1083
12,3,28.404265999999996,77.045349,28.403252000000002,77.047073,826,296
14,3,28.407685999999998,77.059799,28.403252000000002,77.047073,2607,633
15,3,28.41469600000001,77.069862,28.403252000000002,77.047073,3628,693
16,3,28.425392,77.042679,28.403252000000002,77.047073,3887,783
17,3,28.413244,77.111946,28.403252000000002,77.047073,8789,1173
18,3,28.406481,77.04248,28.403252000000002,77.047073,1736,353
19,3,28.412948999999998,77.069412,28.403252000000002,77.047073,3215,605
20,3,28.41283,77.057426,28.403252000000002,77.047073,2525,532
21,3,28.415783,77.05953199999998,28.403252000000002,77.047073,4070,788
22,3,28.417187,77.041855,28.403252000000002,77.047073,2315,449
23,3,28.409264,77.041443,28.403252000000002,77.047073,1797,409
24,3,28.406275,77.03942099999998,28.403252000000002,77.047073,2058,423
25,3,28.411682,77.039955,28.403252000000002,77.047073,2356,485
26,3,28.396477,77.037178,28.403252000000002,77.047073,2237,538
27,3,28.39573900000001,77.032387,28.403252000000002,77.047073,2206,531
28,3,28.39342700000001,77.021744,28.403252000000002,77.047073,3468,643
29,3,28.417279999999998,77.039528,28.403252000000002,77.047073,2670,570
30,3,28.409547999999997,77.03376,28.403252000000002,77.047073,2984,578
1,7,28.413494,77.045502,28.401498999999998,77.052734,2504,767
2,7,28.426756,77.03954300000002,28.401498999999998,77.052734,4635,958
3,7,28.403252000000002,77.047073,28.401498999999998,77.052734,1296,507
7,7,28.401498999999998,77.052734,28.401498999999998,77.052734,0,0
8,7,28.394921999999998,77.02930500000002,28.401498999999998,77.052734,3845,768
9,7,28.393707,77.028603,28.401498999999998,77.052734,3773,787
10,7,28.424540000000004,77.034126,28.401498999999998,77.052734,5776,1184
11,7,28.424128999999997,77.03609499999997,28.401498999999998,77.052734,5860,1217
12,7,28.404265999999996,77.045349,28.401498999999998,77.052734,1524,431
14,7,28.407685999999998,77.059799,28.401498999999998,77.052734,2151,604
15,7,28.41469600000001,77.069862,28.401498999999998,77.052734,3172,665
16,7,28.425392,77.042679,28.401498999999998,77.052734,4585,918
17,7,28.413244,77.111946,28.401498999999998,77.052734,8333,1145
18,7,28.406481,77.04248,28.401498999999998,77.052734,2433,488
19,7,28.412948999999998,77.069412,28.401498999999998,77.052734,2759,576
20,7,28.41283,77.057426,28.401498999999998,77.052734,2069,503
21,7,28.415783,77.05953199999998,28.401498999999998,77.052734,3614,760
22,7,28.417187,77.041855,28.401498999999998,77.052734,3013,583
23,7,28.409264,77.041443,28.401498999999998,77.052734,2495,544
24,7,28.406275,77.03942099999998,28.401498999999998,77.052734,2756,558
25,7,28.411682,77.039955,28.401498999999998,77.052734,3054,620
26,7,28.396477,77.037178,28.401498999999998,77.052734,2935,673
27,7,28.39573900000001,77.032387,28.401498999999998,77.052734,2903,665
28,7,28.39342700000001,77.021744,28.401498999999998,77.052734,4166,777
29,7,28.417279999999998,77.039528,28.401498999999998,77.052734,3368,705
30,7,28.409547999999997,77.03376,28.401498999999998,77.052734,3681,712
1,8,28.413494,77.045502,28.394921999999998,77.02930500000002,4607,1009
2,8,28.426756,77.03954300000002,28.394921999999998,77.02930500000002,6062,1159
3,8,28.403252000000002,77.047073,28.394921999999998,77.02930500000002,4098,896
7,8,28.401498999999998,77.052734,28.394921999999998,77.02930500000002,4065,875
8,8,28.394921999999998,77.02930500000002,28.394921999999998,77.02930500000002,0,0
9,8,28.393707,77.028603,28.394921999999998,77.02930500000002,646,303
10,8,28.424540000000004,77.034126,28.394921999999998,77.02930500000002,7204,1384
11,8,28.424128999999997,77.03609499999997,28.394921999999998,77.02930500000002,7287,1417
12,8,28.404265999999996,77.045349,28.394921999999998,77.02930500000002,2951,631
14,8,28.407685999999998,77.059799,28.394921999999998,77.02930500000002,4954,994
15,8,28.41469600000001,77.069862,28.394921999999998,77.02930500000002,5975,1054
16,8,28.425392,77.042679,28.394921999999998,77.02930500000002,6012,1118
17,8,28.413244,77.111946,28.394921999999998,77.02930500000002,11136,1534
18,8,28.406481,77.04248,28.394921999999998,77.02930500000002,3861,688
19,8,28.412948999999998,77.069412,28.394921999999998,77.02930500000002,5561,966
20,8,28.41283,77.057426,28.394921999999998,77.02930500000002,4872,893
21,8,28.415783,77.05953199999998,28.394921999999998,77.02930500000002,6416,1149
22,8,28.417187,77.041855,28.394921999999998,77.02930500000002,4440,783
23,8,28.409264,77.041443,28.394921999999998,77.02930500000002,3922,744
24,8,28.406275,77.03942099999998,28.394921999999998,77.02930500000002,4183,758
25,8,28.411682,77.039955,28.394921999999998,77.02930500000002,4481,820
26,8,28.396477,77.037178,28.394921999999998,77.02930500000002,1312,410
27,8,28.39573900000001,77.032387,28.394921999999998,77.02930500000002,950,336
28,8,28.39342700000001,77.021744,28.394921999999998,77.02930500000002,1142,314
29,8,28.417279999999998,77.039528,28.394921999999998,77.02930500000002,4795,905
30,8,28.409547999999997,77.03376,28.394921999999998,77.02930500000002,5109,912
1,9,28.413494,77.045502,28.393707,77.028603,4741,903
2,9,28.426756,77.03954300000002,28.393707,77.028603,6196,1052
3,9,28.403252000000002,77.047073,28.393707,77.028603,4233,790
7,9,28.401498999999998,77.052734,28.393707,77.028603,4199,769
8,9,28.394921999999998,77.02930500000002,28.393707,77.028603,454,131
9,9,28.393707,77.028603,28.393707,77.028603,0,0
10,9,28.424540000000004,77.034126,28.393707,77.028603,7338,1278
11,9,28.424128999999997,77.03609499999997,28.393707,77.028603,7421,1311
12,9,28.404265999999996,77.045349,28.393707,77.028603,3085,525
14,9,28.407685999999998,77.059799,28.393707,77.028603,5088,888
15,9,28.41469600000001,77.069862,28.393707,77.028603,6109,948
16,9,28.425392,77.042679,28.393707,77.028603,6146,1012
17,9,28.413244,77.111946,28.393707,77.028603,11270,1428
18,9,28.406481,77.04248,28.393707,77.028603,3995,581
19,9,28.412948999999998,77.069412,28.393707,77.028603,5695,859
20,9,28.41283,77.057426,28.393707,77.028603,5006,787
21,9,28.415783,77.05953199999998,28.393707,77.028603,6550,1043
22,9,28.417187,77.041855,28.393707,77.028603,4574,677
23,9,28.409264,77.041443,28.393707,77.028603,4056,638
24,9,28.406275,77.03942099999998,28.393707,77.028603,4317,652
25,9,28.411682,77.039955,28.393707,77.028603,4615,714
26,9,28.396477,77.037178,28.393707,77.028603,1319,310
27,9,28.39573900000001,77.032387,28.393707,77.028603,957,236
28,9,28.39342700000001,77.021744,28.393707,77.028603,877,162
29,9,28.417279999999998,77.039528,28.393707,77.028603,4929,798
30,9,28.409547999999997,77.03376,28.393707,77.028603,5243,806
1,10,28.413494,77.045502,28.424540000000004,77.034126,4246,900
2,10,28.426756,77.03954300000002,28.424540000000004,77.034126,2849,661
3,10,28.403252000000002,77.047073,28.424540000000004,77.034126,5598,1069
7,10,28.401498999999998,77.052734,28.424540000000004,77.034126,5564,1048
8,10,28.394921999999998,77.02930500000002,28.424540000000004,77.034126,6642,1006
9,10,28.393707,77.028603,28.424540000000004,77.034126,6569,1026
10,10,28.424540000000004,77.034126,28.424540000000004,77.034126,0,0
11,10,28.424128999999997,77.03609499999997,28.424540000000004,77.034126,725,242
12,10,28.404265999999996,77.045349,28.424540000000004,77.034126,4450,798
14,10,28.407685999999998,77.059799,28.424540000000004,77.034126,6453,1167
15,10,28.41469600000001,77.069862,28.424540000000004,77.034126,6309,1119
16,10,28.425392,77.042679,28.424540000000004,77.034126,2889,647
17,10,28.413244,77.111946,28.424540000000004,77.034126,12635,1707
18,10,28.406481,77.04248,28.424540000000004,77.034126,3467,565
19,10,28.412948999999998,77.069412,28.424540000000004,77.034126,5762,1049
20,10,28.41283,77.057426,28.424540000000004,77.034126,5645,1029
21,10,28.415783,77.05953199999998,28.424540000000004,77.034126,5286,967
22,10,28.417187,77.041855,28.424540000000004,77.034126,3070,535
23,10,28.409264,77.041443,28.424540000000004,77.034126,3334,584
24,10,28.406275,77.03942099999998,28.424540000000004,77.034126,3789,636
25,10,28.411682,77.039955,28.424540000000004,77.034126,3083,558
26,10,28.396477,77.037178,28.424540000000004,77.034126,5731,911
27,10,28.39573900000001,77.032387,28.424540000000004,77.034126,5700,904
28,10,28.39342700000001,77.021744,28.424540000000004,77.034126,6962,1016
29,10,28.417279999999998,77.039528,28.424540000000004,77.034126,2191,484
30,10,28.409547999999997,77.03376,28.424540000000004,77.034126,3711,651
1,11,28.413494,77.045502,28.424128999999997,77.03609499999997,4329,963
2,11,28.426756,77.03954300000002,28.424128999999997,77.03609499999997,2932,723
3,11,28.403252000000002,77.047073,28.424128999999997,77.03609499999997,5681,1131
7,11,28.401498999999998,77.052734,28.424128999999997,77.03609499999997,5648,1110
8,11,28.394921999999998,77.02930500000002,28.424128999999997,77.03609499999997,6725,1069
9,11,28.393707,77.028603,28.424128999999997,77.03609499999997,6652,1089
10,11,28.424540000000004,77.034126,28.424128999999997,77.03609499999997,725,261
11,11,28.424128999999997,77.03609499999997,28.424128999999997,77.03609499999997,0,0
12,11,28.404265999999996,77.045349,28.424128999999997,77.03609499999997,4533,860
14,11,28.407685999999998,77.059799,28.424128999999997,77.03609499999997,6536,1229
15,11,28.41469600000001,77.069862,28.424128999999997,77.03609499999997,6393,1181
16,11,28.425392,77.042679,28.424128999999997,77.03609499999997,2973,710
17,11,28.413244,77.111946,28.424128999999997,77.03609499999997,12718,1769
18,11,28.406481,77.04248,28.424128999999997,77.03609499999997,3550,628
19,11,28.412948999999998,77.069412,28.424128999999997,77.03609499999997,5846,1111
20,11,28.41283,77.057426,28.424128999999997,77.03609499999997,5728,1091
21,11,28.415783,77.05953199999998,28.424128999999997,77.03609499999997,5369,1030
22,11,28.417187,77.041855,28.424128999999997,77.03609499999997,3153,598
23,11,28.409264,77.041443,28.424128999999997,77.03609499999997,3418,646
24,11,28.406275,77.03942099999998,28.424128999999997,77.03609499999997,3872,698
25,11,28.411682,77.039955,28.424128999999997,77.03609499999997,3166,621
26,11,28.396477,77.037178,28.424128999999997,77.03609499999997,5814,974
27,11,28.39573900000001,77.032387,28.424128999999997,77.03609499999997,5783,966
28,11,28.39342700000001,77.021744,28.424128999999997,77.03609499999997,7046,1078
29,11,28.417279999999998,77.039528,28.424128999999997,77.03609499999997,2275,546
30,11,28.409547999999997,77.03376,28.424128999999997,77.03609499999997,3794,713
1,12,28.413494,77.045502,28.404265999999996,77.045349,1987,562
2,12,28.426756,77.03954300000002,28.404265999999996,77.045349,3441,711
3,12,28.403252000000002,77.047073,28.404265999999996,77.045349,3371,744
7,12,28.401498999999998,77.052734,28.404265999999996,77.045349,3338,723
8,12,28.394921999999998,77.02930500000002,28.404265999999996,77.045349,4415,681
9,12,28.393707,77.028603,28.404265999999996,77.045349,4342,701
10,12,28.424540000000004,77.034126,28.404265999999996,77.045349,4583,937
11,12,28.424128999999997,77.03609499999997,28.404265999999996,77.045349,4666,970
12,12,28.404265999999996,77.045349,28.404265999999996,77.045349,0,0
14,12,28.407685999999998,77.059799,28.404265999999996,77.045349,4226,842
15,12,28.41469600000001,77.069862,28.404265999999996,77.045349,5247,902
16,12,28.425392,77.042679,28.404265999999996,77.045349,3392,670
17,12,28.413244,77.111946,28.404265999999996,77.045349,10408,1382
18,12,28.406481,77.04248,28.404265999999996,77.045349,1240,240
19,12,28.412948999999998,77.069412,28.404265999999996,77.045349,4834,813
20,12,28.41283,77.057426,28.404265999999996,77.045349,4093,789
21,12,28.415783,77.05953199999998,28.404265999999996,77.045349,3864,833
22,12,28.417187,77.041855,28.404265999999996,77.045349,1820,336
23,12,28.409264,77.041443,28.404265999999996,77.045349,1301,296
24,12,28.406275,77.03942099999998,28.404265999999996,77.045349,1562,311
25,12,28.411682,77.039955,28.404265999999996,77.045349,1861,373
26,12,28.396477,77.037178,28.404265999999996,77.045349,3505,586
27,12,28.39573900000001,77.032387,28.404265999999996,77.045349,3473,579
28,12,28.39342700000001,77.021744,28.404265999999996,77.045349,4736,691
29,12,28.417279999999998,77.039528,28.404265999999996,77.045349,2174,457
30,12,28.409547999999997,77.03376,28.404265999999996,77.045349,2488,465
1,14,28.413494,77.045502,28.407685999999998,77.059799,3216,805
2,14,28.426756,77.03954300000002,28.407685999999998,77.059799,5347,990
3,14,28.403252000000002,77.047073,28.407685999999998,77.059799,2009,539
7,14,28.401498999999998,77.052734,28.407685999999998,77.059799,2483,654
8,14,28.394921999999998,77.02930500000002,28.407685999999998,77.059799,4558,799
9,14,28.393707,77.028603,28.407685999999998,77.059799,4486,819
10,14,28.424540000000004,77.034126,28.407685999999998,77.059799,7090,1221
11,14,28.424128999999997,77.03609499999997,28.407685999999998,77.059799,7173,1254
12,14,28.404265999999996,77.045349,28.407685999999998,77.059799,2236,463
14,14,28.407685999999998,77.059799,28.407685999999998,77.059799,0,0
15,14,28.41469600000001,77.069862,28.407685999999998,77.059799,2396,500
16,14,28.425392,77.042679,28.407685999999998,77.059799,5298,949
17,14,28.413244,77.111946,28.407685999999998,77.059799,7557,980
18,14,28.406481,77.04248,28.407685999999998,77.059799,3146,519
19,14,28.412948999999998,77.069412,28.407685999999998,77.059799,1983,412
20,14,28.41283,77.057426,28.407685999999998,77.059799,1143,273
21,14,28.415783,77.05953199999998,28.407685999999998,77.059799,2688,529
22,14,28.417187,77.041855,28.407685999999998,77.059799,3726,615
23,14,28.409264,77.041443,28.407685999999998,77.059799,3207,576
24,14,28.406275,77.03942099999998,28.407685999999998,77.059799,3468,590
25,14,28.411682,77.039955,28.407685999999998,77.059799,3766,652
26,14,28.396477,77.037178,28.407685999999998,77.059799,3648,705
27,14,28.39573900000001,77.032387,28.407685999999998,77.059799,3616,697
28,14,28.39342700000001,77.021744,28.407685999999998,77.059799,4879,809
29,14,28.417279999999998,77.039528,28.407685999999998,77.059799,4080,736
30,14,28.409547999999997,77.03376,28.407685999999998,77.059799,4394,744
1,15,28.413494,77.045502,28.41469600000001,77.069862,4489,1114
2,15,28.426756,77.03954300000002,28.41469600000001,77.069862,5786,1273
3,15,28.403252000000002,77.047073,28.41469600000001,77.069862,3850,895
7,15,28.401498999999998,77.052734,28.41469600000001,77.069862,4324,1011
8,15,28.394921999999998,77.02930500000002,28.41469600000001,77.069862,6399,1156
9,15,28.393707,77.028603,28.41469600000001,77.069862,6326,1176
10,15,28.424540000000004,77.034126,28.41469600000001,77.069862,7031,1309
11,15,28.424128999999997,77.03609499999997,28.41469600000001,77.069862,7114,1343
12,15,28.404265999999996,77.045349,28.41469600000001,77.069862,4077,819
14,15,28.407685999999998,77.059799,28.41469600000001,77.069862,2710,663
15,15,28.41469600000001,77.069862,28.41469600000001,77.069862,0,0
16,15,28.425392,77.042679,28.41469600000001,77.069862,5737,1232
17,15,28.413244,77.111946,28.41469600000001,77.069862,7500,1087
18,15,28.406481,77.04248,28.41469600000001,77.069862,4987,876
19,15,28.412948999999998,77.069412,28.41469600000001,77.069862,754,319
20,15,28.41283,77.057426,28.41469600000001,77.069862,3054,663
21,15,28.415783,77.05953199999998,28.41469600000001,77.069862,2321,573
22,15,28.417187,77.041855,28.41469600000001,77.069862,5567,971
23,15,28.409264,77.041443,28.41469600000001,77.069862,5048,932
24,15,28.406275,77.03942099999998,28.41469600000001,77.069862,5309,946
25,15,28.411682,77.039955,28.41469600000001,77.069862,5607,1008
26,15,28.396477,77.037178,28.41469600000001,77.069862,5489,1061
27,15,28.39573900000001,77.032387,28.41469600000001,77.069862,5457,1054
28,15,28.39342700000001,77.021744,28.41469600000001,77.069862,6720,1165
29,15,28.417279999999998,77.039528,28.41469600000001,77.069862,5921,1093
30,15,28.409547999999997,77.03376,28.41469600000001,77.069862,6235,1101
1,16,28.413494,77.045502,28.425392,77.042679,3881,990
2,16,28.426756,77.03954300000002,28.425392,77.042679,1389,449
3,16,28.403252000000002,77.047073,28.425392,77.042679,5233,1158
7,16,28.401498999999998,77.052734,28.425392,77.042679,5200,1137
8,16,28.394921999999998,77.02930500000002,28.425392,77.042679,6277,1096
9,16,28.393707,77.028603,28.425392,77.042679,6204,1115
10,16,28.424540000000004,77.034126,28.425392,77.042679,3725,743
11,16,28.424128999999997,77.03609499999997,28.425392,77.042679,3808,777
12,16,28.404265999999996,77.045349,28.425392,77.042679,4085,887
14,16,28.407685999999998,77.059799,28.425392,77.042679,6088,1256
15,16,28.41469600000001,77.069862,28.425392,77.042679,6379,1200
16,16,28.425392,77.042679,28.425392,77.042679,0,0
17,16,28.413244,77.111946,28.425392,77.042679,12270,1796
18,16,28.406481,77.04248,28.425392,77.042679,3102,655
19,16,28.412948999999998,77.069412,28.425392,77.042679,5832,1130
20,16,28.41283,77.057426,28.425392,77.042679,5714,1109
21,16,28.415783,77.05953199999998,28.425392,77.042679,5355,1048
22,16,28.417187,77.041855,28.425392,77.042679,2705,625
23,16,28.409264,77.041443,28.425392,77.042679,2970,673
24,16,28.406275,77.03942099999998,28.425392,77.042679,3424,725
25,16,28.411682,77.039955,28.425392,77.042679,2719,648
26,16,28.396477,77.037178,28.425392,77.042679,5367,1001
27,16,28.39573900000001,77.032387,28.425392,77.042679,5335,993
28,16,28.39342700000001,77.021744,28.425392,77.042679,6598,1105
29,16,28.417279999999998,77.039528,28.425392,77.042679,2606,615
30,16,28.409547999999997,77.03376,28.425392,77.042679,3346,740
1,17,28.413494,77.045502,28.413244,77.111946,10353,1648
2,17,28.426756,77.03954300000002,28.413244,77.111946,12484,1834
3,17,28.403252000000002,77.047073,28.413244,77.111946,9145,1383
7,17,28.401498999999998,77.052734,28.413244,77.111946,8789,1439
8,17,28.394921999999998,77.02930500000002,28.413244,77.111946,9827,1567
9,17,28.393707,77.028603,28.413244,77.111946,10026,1636
10,17,28.424540000000004,77.034126,28.413244,77.111946,12446,1846
11,17,28.424128999999997,77.03609499999997,28.413244,77.111946,12529,1880
12,17,28.404265999999996,77.045349,28.413244,77.111946,9373,1306
14,17,28.407685999999998,77.059799,28.413244,77.111946,8046,1173
15,17,28.41469600000001,77.069862,28.413244,77.111946,7020,1033
16,17,28.425392,77.042679,28.413244,77.111946,12435,1793
17,17,28.413244,77.111946,28.413244,77.111946,0,0
18,17,28.406481,77.04248,28.413244,77.111946,10283,1363
19,17,28.412948999999998,77.069412,28.413244,77.111946,6653,956
20,17,28.41283,77.057426,28.413244,77.111946,8350,1169
21,17,28.415783,77.05953199999998,28.413244,77.111946,8480,1233
22,17,28.417187,77.041855,28.413244,77.111946,10863,1459
23,17,28.409264,77.041443,28.413244,77.111946,10344,1419
24,17,28.406275,77.03942099999998,28.413244,77.111946,10605,1434
25,17,28.411682,77.039955,28.413244,77.111946,10903,1496
26,17,28.396477,77.037178,28.413244,77.111946,9599,1549
27,17,28.39573900000001,77.032387,28.413244,77.111946,10753,1541
28,17,28.39342700000001,77.021744,28.413244,77.111946,10522,1646
29,17,28.417279999999998,77.039528,28.413244,77.111946,11217,1580
30,17,28.409547999999997,77.03376,28.413244,77.111946,11531,1588
1,18,28.413494,77.045502,28.406481,77.04248,1767,523
2,18,28.426756,77.03954300000002,28.406481,77.04248,3221,672
3,18,28.403252000000002,77.047073,28.406481,77.04248,2311,555
7,18,28.401498999999998,77.052734,28.406481,77.04248,2277,533
8,18,28.394921999999998,77.02930500000002,28.406481,77.04248,3355,492
9,18,28.393707,77.028603,28.406481,77.04248,3282,512
10,18,28.424540000000004,77.034126,28.406481,77.04248,4056,942
11,18,28.424128999999997,77.03609499999997,28.406481,77.04248,4139,975
12,18,28.404265999999996,77.045349,28.406481,77.04248,1163,283
14,18,28.407685999999998,77.059799,28.406481,77.04248,3166,652
15,18,28.41469600000001,77.069862,28.406481,77.04248,4187,712
16,18,28.425392,77.042679,28.406481,77.04248,3172,631
17,18,28.413244,77.111946,28.406481,77.04248,9348,1192
18,18,28.406481,77.04248,28.406481,77.04248,0,0
19,18,28.412948999999998,77.069412,28.406481,77.04248,3774,624
20,18,28.41283,77.057426,28.406481,77.04248,3084,551
21,18,28.415783,77.05953199999998,28.406481,77.04248,4628,807
22,18,28.417187,77.041855,28.406481,77.04248,1600,297
23,18,28.409264,77.041443,28.406481,77.04248,501,129
24,18,28.406275,77.03942099999998,28.406481,77.04248,322,70
25,18,28.411682,77.039955,28.406481,77.04248,961,241
26,18,28.396477,77.037178,28.406481,77.04248,2444,397
27,18,28.39573900000001,77.032387,28.406481,77.04248,2413,390
28,18,28.39342700000001,77.021744,28.406481,77.04248,3676,502
29,18,28.417279999999998,77.039528,28.406481,77.04248,1374,290
30,18,28.409547999999997,77.03376,28.406481,77.04248,1589,334
1,19,28.413494,77.045502,28.412948999999998,77.069412,3878,942
2,19,28.426756,77.03954300000002,28.412948999999998,77.069412,5175,1100
3,19,28.403252000000002,77.047073,28.412948999999998,77.069412,3238,723
7,19,28.401498999999998,77.052734,28.412948999999998,77.069412,3713,838
8,19,28.394921999999998,77.02930500000002,28.412948999999998,77.069412,5788,983
9,19,28.393707,77.028603,28.412948999999998,77.069412,5715,1003
10,19,28.424540000000004,77.034126,28.412948999999998,77.069412,6420,1137
11,19,28.424128999999997,77.03609499999997,28.412948999999998,77.069412,6503,1170
12,19,28.404265999999996,77.045349,28.412948999999998,77.069412,3466,647
14,19,28.407685999999998,77.059799,28.412948999999998,77.069412,2099,491
15,19,28.41469600000001,77.069862,28.412948999999998,77.069412,510,195
16,19,28.425392,77.042679,28.412948999999998,77.069412,5126,1059
17,19,28.413244,77.111946,28.412948999999998,77.069412,6889,914
18,19,28.406481,77.04248,28.412948999999998,77.069412,4376,703
19,19,28.412948999999998,77.069412,28.412948999999998,77.069412,0,0
20,19,28.41283,77.057426,28.412948999999998,77.069412,2443,491
21,19,28.415783,77.05953199999998,28.412948999999998,77.069412,1710,400
22,19,28.417187,77.041855,28.412948999999998,77.069412,4956,799
23,19,28.409264,77.041443,28.412948999999998,77.069412,4437,760
24,19,28.406275,77.03942099999998,28.412948999999998,77.069412,4698,774
25,19,28.411682,77.039955,28.412948999999998,77.069412,4996,836
26,19,28.396477,77.037178,28.412948999999998,77.069412,4878,888
27,19,28.39573900000001,77.032387,28.412948999999998,77.069412,4846,881
28,19,28.39342700000001,77.021744,28.412948999999998,77.069412,6109,993
29,19,28.417279999999998,77.039528,28.412948999999998,77.069412,5310,920
30,19,28.409547999999997,77.03376,28.412948999999998,77.069412,5624,928
1,20,28.413494,77.045502,28.41283,77.057426,3309,903
2,20,28.426756,77.03954300000002,28.41283,77.057426,4607,1058
3,20,28.403252000000002,77.047073,28.41283,77.057426,2984,773
7,20,28.401498999999998,77.052734,28.41283,77.057426,3459,889
8,20,28.394921999999998,77.02930500000002,28.41283,77.057426,5533,1034
9,20,28.393707,77.028603,28.41283,77.057426,5461,1054
10,20,28.424540000000004,77.034126,28.41283,77.057426,6757,1294
11,20,28.424128999999997,77.03609499999997,28.41283,77.057426,6840,1328
12,20,28.404265999999996,77.045349,28.41283,77.057426,3211,697
14,20,28.407685999999998,77.059799,28.41283,77.057426,2193,623
15,20,28.41469600000001,77.069862,28.41283,77.057426,3344,743
16,20,28.425392,77.042679,28.41283,77.057426,4557,1017
17,20,28.413244,77.111946,28.41283,77.057426,8505,1223
18,20,28.406481,77.04248,28.41283,77.057426,4121,754
19,20,28.412948999999998,77.069412,28.41283,77.057426,2931,654
20,20,28.41283,77.057426,28.41283,77.057426,0,0
21,20,28.415783,77.05953199999998,28.41283,77.057426,2355,603
22,20,28.417187,77.041855,28.41283,77.057426,3057,778
23,20,28.409264,77.041443,28.41283,77.057426,4182,810
24,20,28.406275,77.03942099999998,28.41283,77.057426,4443,824
25,20,28.411682,77.039955,28.41283,77.057426,4742,887
26,20,28.396477,77.037178,28.41283,77.057426,4623,939
27,20,28.39573900000001,77.032387,28.41283,77.057426,4591,932
28,20,28.39342700000001,77.021744,28.41283,77.057426,5854,1044
29,20,28.417279999999998,77.039528,28.41283,77.057426,4334,860
30,20,28.409547999999997,77.03376,28.41283,77.057426,5369,979
1,21,28.413494,77.045502,28.415783,77.05953199999998,3932,1066
2,21,28.426756,77.03954300000002,28.415783,77.05953199999998,5229,1224
3,21,28.403252000000002,77.047073,28.415783,77.05953199999998,4901,1124
7,21,28.401498999999998,77.052734,28.415783,77.05953199999998,5376,1239
8,21,28.394921999999998,77.02930500000002,28.415783,77.05953199999998,7450,1384
9,21,28.393707,77.028603,28.415783,77.05953199999998,7378,1404
10,21,28.424540000000004,77.034126,28.415783,77.05953199999998,6794,1302
11,21,28.424128999999997,77.03609499999997,28.415783,77.05953199999998,6878,1335
12,21,28.404265999999996,77.045349,28.415783,77.05953199999998,5129,1047
14,21,28.407685999999998,77.059799,28.415783,77.05953199999998,3761,892
15,21,28.41469600000001,77.069862,28.415783,77.05953199999998,2578,676
16,21,28.425392,77.042679,28.415783,77.05953199999998,5180,1183
17,21,28.413244,77.111946,28.415783,77.05953199999998,8551,1315
18,21,28.406481,77.04248,28.415783,77.05953199999998,6038,1104
19,21,28.412948999999998,77.069412,28.415783,77.05953199999998,2165,587
20,21,28.41283,77.057426,28.415783,77.05953199999998,2835,726
21,21,28.415783,77.05953199999998,28.415783,77.05953199999998,0,0
22,21,28.417187,77.041855,28.415783,77.05953199999998,3679,945
23,21,28.409264,77.041443,28.415783,77.05953199999998,5320,1084
24,21,28.406275,77.03942099999998,28.415783,77.05953199999998,6361,1175
25,21,28.411682,77.039955,28.415783,77.05953199999998,5069,1059
26,21,28.396477,77.037178,28.415783,77.05953199999998,6540,1289
27,21,28.39573900000001,77.032387,28.415783,77.05953199999998,6509,1282
28,21,28.39342700000001,77.021744,28.415783,77.05953199999998,7771,1394
29,21,28.417279999999998,77.039528,28.415783,77.05953199999998,4956,1027
30,21,28.409547999999997,77.03376,28.415783,77.05953199999998,5697,1151
1,22,28.413494,77.045502,28.417187,77.041855,3218,728
2,22,28.426756,77.03954300000002,28.417187,77.041855,2287,547
3,22,28.403252000000002,77.047073,28.417187,77.041855,3871,896
7,22,28.401498999999998,77.052734,28.417187,77.041855,4608,871
8,22,28.394921999999998,77.02930500000002,28.417187,77.041855,5686,829
9,22,28.393707,77.028603,28.417187,77.041855,5613,849
10,22,28.424540000000004,77.034126,28.417187,77.041855,3429,772
11,22,28.424128999999997,77.03609499999997,28.417187,77.041855,3512,805
12,22,28.404265999999996,77.045349,28.417187,77.041855,3494,621
14,22,28.407685999999998,77.059799,28.417187,77.041855,3788,777
15,22,28.41469600000001,77.069862,28.417187,77.041855,3837,832
16,22,28.425392,77.042679,28.417187,77.041855,2238,506
17,22,28.413244,77.111946,28.417187,77.041855,10099,1377
18,22,28.406481,77.04248,28.417187,77.041855,2511,388
19,22,28.412948999999998,77.069412,28.417187,77.041855,3424,744
20,22,28.41283,77.057426,28.417187,77.041855,2422,510
21,22,28.415783,77.05953199999998,28.417187,77.041855,2573,577
22,22,28.417187,77.041855,28.417187,77.041855,0,0
23,22,28.409264,77.041443,28.417187,77.041855,2378,407
24,22,28.406275,77.03942099999998,28.417187,77.041855,2833,459
25,22,28.411682,77.039955,28.417187,77.041855,2127,381
26,22,28.396477,77.037178,28.417187,77.041855,4775,735
27,22,28.39573900000001,77.032387,28.417187,77.041855,4744,727
28,22,28.39342700000001,77.021744,28.417187,77.041855,6006,839
29,22,28.417279999999998,77.039528,28.417187,77.041855,2015,349
30,22,28.409547999999997,77.03376,28.417187,77.041855,2755,474
1,23,28.413494,77.045502,28.409264,77.041443,1632,543
2,23,28.426756,77.03954300000002,28.409264,77.041443,3087,692
3,23,28.403252000000002,77.047073,28.409264,77.041443,2657,669
7,23,28.401498999999998,77.052734,28.409264,77.041443,2624,647
8,23,28.394921999999998,77.02930500000002,28.409264,77.041443,3701,606
9,23,28.393707,77.028603,28.409264,77.041443,3629,626
10,23,28.424540000000004,77.034126,28.409264,77.041443,3922,962
11,23,28.424128999999997,77.03609499999997,28.409264,77.041443,4005,995
12,23,28.404265999999996,77.045349,28.409264,77.041443,1509,397
14,23,28.407685999999998,77.059799,28.409264,77.041443,3512,766
15,23,28.41469600000001,77.069862,28.409264,77.041443,4533,827
16,23,28.425392,77.042679,28.409264,77.041443,3038,651
17,23,28.413244,77.111946,28.409264,77.041443,9694,1306
18,23,28.406481,77.04248,28.409264,77.041443,501,173
19,23,28.412948999999998,77.069412,28.409264,77.041443,4120,738
20,23,28.41283,77.057426,28.409264,77.041443,3431,665
21,23,28.415783,77.05953199999998,28.409264,77.041443,3509,814
22,23,28.417187,77.041855,28.409264,77.041443,1466,317
23,23,28.409264,77.041443,28.409264,77.041443,0,0
24,23,28.406275,77.03942099999998,28.409264,77.041443,823,243
25,23,28.411682,77.039955,28.409264,77.041443,827,261
26,23,28.396477,77.037178,28.409264,77.041443,2791,511
27,23,28.39573900000001,77.032387,28.409264,77.041443,2759,504
28,23,28.39342700000001,77.021744,28.409264,77.041443,4022,616
29,23,28.417279999999998,77.039528,28.409264,77.041443,1240,310
30,23,28.409547999999997,77.03376,28.409264,77.041443,1454,354
1,24,28.413494,77.045502,28.406275,77.03942099999998,2089,614
2,24,28.426756,77.03954300000002,28.406275,77.03942099999998,3544,763
3,24,28.403252000000002,77.047073,28.406275,77.03942099999998,2633,646
7,24,28.401498999999998,77.052734,28.406275,77.03942099999998,2600,625
8,24,28.394921999999998,77.02930500000002,28.406275,77.03942099999998,3677,584
9,24,28.393707,77.028603,28.406275,77.03942099999998,3604,604
10,24,28.424540000000004,77.034126,28.406275,77.03942099999998,4378,1033
11,24,28.424128999999997,77.03609499999997,28.406275,77.03942099999998,4461,1067
12,24,28.404265999999996,77.045349,28.406275,77.03942099999998,1485,375
14,24,28.407685999999998,77.059799,28.406275,77.03942099999998,3488,744
15,24,28.41469600000001,77.069862,28.406275,77.03942099999998,4509,804
16,24,28.425392,77.042679,28.406275,77.03942099999998,3494,723
17,24,28.413244,77.111946,28.406275,77.03942099999998,9670,1284
18,24,28.406481,77.04248,28.406275,77.03942099999998,322,92
19,24,28.412948999999998,77.069412,28.406275,77.03942099999998,4096,715
20,24,28.41283,77.057426,28.406275,77.03942099999998,3406,643
21,24,28.415783,77.05953199999998,28.406275,77.03942099999998,4951,899
22,24,28.417187,77.041855,28.406275,77.03942099999998,1922,388
23,24,28.409264,77.041443,28.406275,77.03942099999998,823,221
24,24,28.406275,77.03942099999998,28.406275,77.03942099999998,0,0
25,24,28.411682,77.039955,28.406275,77.03942099999998,775,244
26,24,28.396477,77.037178,28.406275,77.03942099999998,2766,489
27,24,28.39573900000001,77.032387,28.406275,77.03942099999998,2735,481
28,24,28.39342700000001,77.021744,28.406275,77.03942099999998,3998,593
29,24,28.417279999999998,77.039528,28.406275,77.03942099999998,1696,382
30,24,28.409547999999997,77.03376,28.406275,77.03942099999998,1240,311
1,25,28.413494,77.045502,28.411682,77.039955,1675,542
2,25,28.426756,77.03954300000002,28.411682,77.039955,2642,639
3,25,28.403252000000002,77.047073,28.411682,77.039955,3027,710
7,25,28.401498999999998,77.052734,28.411682,77.039955,2993,689
8,25,28.394921999999998,77.02930500000002,28.411682,77.039955,4070,647
9,25,28.393707,77.028603,28.411682,77.039955,3998,667
10,25,28.424540000000004,77.034126,28.411682,77.039955,3577,891
11,25,28.424128999999997,77.03609499999997,28.411682,77.039955,3661,925
12,25,28.404265999999996,77.045349,28.411682,77.039955,1879,439
14,25,28.407685999999998,77.059799,28.411682,77.039955,3882,808
15,25,28.41469600000001,77.069862,28.411682,77.039955,4903,868
16,25,28.425392,77.042679,28.411682,77.039955,2593,599
17,25,28.413244,77.111946,28.411682,77.039955,10064,1348
18,25,28.406481,77.04248,28.411682,77.039955,896,206
19,25,28.412948999999998,77.069412,28.411682,77.039955,4489,779
20,25,28.41283,77.057426,28.411682,77.039955,3800,707
21,25,28.415783,77.05953199999998,28.411682,77.039955,3444,785
22,25,28.417187,77.041855,28.411682,77.039955,1021,264
23,25,28.409264,77.041443,28.411682,77.039955,734,228
24,25,28.406275,77.03942099999998,28.411682,77.039955,1218,277
25,25,28.411682,77.039955,28.411682,77.039955,0,0
26,25,28.396477,77.037178,28.411682,77.039955,3160,552
27,25,28.39573900000001,77.032387,28.411682,77.039955,3129,545
28,25,28.39342700000001,77.021744,28.411682,77.039955,4391,657
29,25,28.417279999999998,77.039528,28.411682,77.039955,895,240
30,25,28.409547999999997,77.03376,28.411682,77.039955,856,213
1,26,28.413494,77.045502,28.396477,77.037178,3906,904
2,26,28.426756,77.03954300000002,28.396477,77.037178,5360,1053
3,26,28.403252000000002,77.047073,28.396477,77.037178,3397,791
7,26,28.401498999999998,77.052734,28.396477,77.037178,3364,769
8,26,28.394921999999998,77.02930500000002,28.396477,77.037178,1119,302
9,26,28.393707,77.028603,28.396477,77.037178,1319,371
10,26,28.424540000000004,77.034126,28.396477,77.037178,6502,1278
11,26,28.424128999999997,77.03609499999997,28.396477,77.037178,6585,1312
12,26,28.404265999999996,77.045349,28.396477,77.037178,2249,525
14,26,28.407685999999998,77.059799,28.396477,77.037178,4252,888
15,26,28.41469600000001,77.069862,28.396477,77.037178,5273,949
16,26,28.425392,77.042679,28.396477,77.037178,5311,1012
17,26,28.413244,77.111946,28.396477,77.037178,10434,1429
18,26,28.406481,77.04248,28.396477,77.037178,3159,582
19,26,28.412948999999998,77.069412,28.396477,77.037178,4860,860
20,26,28.41283,77.057426,28.396477,77.037178,4170,787
21,26,28.415783,77.05953199999998,28.396477,77.037178,5715,1044
22,26,28.417187,77.041855,28.396477,77.037178,3739,678
23,26,28.409264,77.041443,28.396477,77.037178,3220,638
24,26,28.406275,77.03942099999998,28.396477,77.037178,3481,653
25,26,28.411682,77.039955,28.396477,77.037178,3779,715
26,26,28.396477,77.037178,28.396477,77.037178,0,0
27,26,28.39573900000001,77.032387,28.396477,77.037178,565,179
28,26,28.39342700000001,77.021744,28.396477,77.037178,1815,382
29,26,28.417279999999998,77.039528,28.396477,77.037178,4093,799
30,26,28.409547999999997,77.03376,28.396477,77.037178,4407,807
1,27,28.413494,77.045502,28.39573900000001,77.032387,4149,844
2,27,28.426756,77.03954300000002,28.39573900000001,77.032387,5603,993
3,27,28.403252000000002,77.047073,28.39573900000001,77.032387,3640,731
7,27,28.401498999999998,77.052734,28.39573900000001,77.032387,3607,709
8,27,28.394921999999998,77.02930500000002,28.39573900000001,77.032387,757,212
9,27,28.393707,77.028603,28.39573900000001,77.032387,957,281
10,27,28.424540000000004,77.034126,28.39573900000001,77.032387,6745,1218
11,27,28.424128999999997,77.03609499999997,28.39573900000001,77.032387,6828,1252
12,27,28.404265999999996,77.045349,28.39573900000001,77.032387,2492,465
14,27,28.407685999999998,77.059799,28.39573900000001,77.032387,4495,828
15,27,28.41469600000001,77.069862,28.39573900000001,77.032387,5516,889
16,27,28.425392,77.042679,28.39573900000001,77.032387,5554,952
17,27,28.413244,77.111946,28.39573900000001,77.032387,10677,1369
18,27,28.406481,77.04248,28.39573900000001,77.032387,3402,522
19,27,28.412948999999998,77.069412,28.39573900000001,77.032387,5103,800
20,27,28.41283,77.057426,28.39573900000001,77.032387,4414,727
21,27,28.415783,77.05953199999998,28.39573900000001,77.032387,5958,984
22,27,28.417187,77.041855,28.39573900000001,77.032387,3982,618
23,27,28.409264,77.041443,28.39573900000001,77.032387,3463,578
24,27,28.406275,77.03942099999998,28.39573900000001,77.032387,3724,593
25,27,28.411682,77.039955,28.39573900000001,77.032387,4023,655
26,27,28.396477,77.037178,28.39573900000001,77.032387,565,179
27,27,28.39573900000001,77.032387,28.39573900000001,77.032387,0,0
28,27,28.39342700000001,77.021744,28.39573900000001,77.032387,1453,292
29,27,28.417279999999998,77.039528,28.39573900000001,77.032387,4336,739
30,27,28.409547999999997,77.03376,28.39573900000001,77.032387,4650,747
1,28,28.413494,77.045502,28.39342700000001,77.021744,5691,1160
2,28,28.426756,77.03954300000002,28.39342700000001,77.021744,7146,1309
3,28,28.403252000000002,77.047073,28.39342700000001,77.021744,5183,1047
7,28,28.401498999999998,77.052734,28.39342700000001,77.021744,5149,1026
8,28,28.394921999999998,77.02930500000002,28.39342700000001,77.021744,1506,410
9,28,28.393707,77.028603,28.39342700000001,77.021744,1434,430
10,28,28.424540000000004,77.034126,28.39342700000001,77.021744,8288,1535
11,28,28.424128999999997,77.03609499999997,28.39342700000001,77.021744,8371,1568
12,28,28.404265999999996,77.045349,28.39342700000001,77.021744,4035,782
14,28,28.407685999999998,77.059799,28.39342700000001,77.021744,6038,1145
15,28,28.41469600000001,77.069862,28.39342700000001,77.021744,7059,1205
16,28,28.425392,77.042679,28.39342700000001,77.021744,7097,1269
17,28,28.413244,77.111946,28.39342700000001,77.021744,12220,1685
18,28,28.406481,77.04248,28.39342700000001,77.021744,4945,839
19,28,28.412948999999998,77.069412,28.39342700000001,77.021744,6646,1116
20,28,28.41283,77.057426,28.39342700000001,77.021744,5956,1044
21,28,28.415783,77.05953199999998,28.39342700000001,77.021744,7500,1300
22,28,28.417187,77.041855,28.39342700000001,77.021744,5525,934
23,28,28.409264,77.041443,28.39342700000001,77.021744,5006,895
24,28,28.406275,77.03942099999998,28.39342700000001,77.021744,5267,909
25,28,28.411682,77.039955,28.39342700000001,77.021744,5565,971
26,28,28.396477,77.037178,28.39342700000001,77.021744,2371,589
27,28,28.39573900000001,77.032387,28.39342700000001,77.021744,2009,515
28,28,28.39342700000001,77.021744,28.39342700000001,77.021744,0,0
29,28,28.417279999999998,77.039528,28.39342700000001,77.021744,5879,1056
30,28,28.409547999999997,77.03376,28.39342700000001,77.021744,6193,1063
1,29,28.413494,77.045502,28.417279999999998,77.039528,2177,580
2,29,28.426756,77.03954300000002,28.417279999999998,77.039528,2622,590
3,29,28.403252000000002,77.047073,28.417279999999998,77.039528,3529,748
7,29,28.401498999999998,77.052734,28.417279999999998,77.039528,3495,727
8,29,28.394921999999998,77.02930500000002,28.417279999999998,77.039528,4573,686
9,29,28.393707,77.028603,28.417279999999998,77.039528,4500,706
10,29,28.424540000000004,77.034126,28.417279999999998,77.039528,2784,718
11,29,28.424128999999997,77.03609499999997,28.417279999999998,77.039528,2867,752
12,29,28.404265999999996,77.045349,28.417279999999998,77.039528,2381,477
14,29,28.407685999999998,77.059799,28.417279999999998,77.039528,4384,846
15,29,28.41469600000001,77.069862,28.417279999999998,77.039528,5405,906
16,29,28.425392,77.042679,28.417279999999998,77.039528,2573,549
17,29,28.413244,77.111946,28.417279999999998,77.039528,10566,1386
18,29,28.406481,77.04248,28.417279999999998,77.039528,1398,245
19,29,28.412948999999998,77.069412,28.417279999999998,77.039528,4992,818
20,29,28.41283,77.057426,28.417279999999998,77.039528,3274,668
21,29,28.415783,77.05953199999998,28.417279999999998,77.039528,3425,735
22,29,28.417187,77.041855,28.417279999999998,77.039528,1001,215
23,29,28.409264,77.041443,28.417279999999998,77.039528,1265,263
24,29,28.406275,77.03942099999998,28.417279999999998,77.039528,1720,315
25,29,28.411682,77.039955,28.417279999999998,77.039528,988,242
26,29,28.396477,77.037178,28.417279999999998,77.039528,3662,591
27,29,28.39573900000001,77.032387,28.417279999999998,77.039528,3631,584
28,29,28.39342700000001,77.021744,28.417279999999998,77.039528,4893,695
29,29,28.417279999999998,77.039528,28.417279999999998,77.039528,0,0
30,29,28.409547999999997,77.03376,28.417279999999998,77.039528,1616,335
1,30,28.413494,77.045502,28.409547999999997,77.03376,2395,635
2,30,28.426756,77.03954300000002,28.409547999999997,77.03376,3362,733
3,30,28.403252000000002,77.047073,28.409547999999997,77.03376,3747,803
7,30,28.401498999999998,77.052734,28.409547999999997,77.03376,3714,782
8,30,28.394921999999998,77.02930500000002,28.409547999999997,77.03376,4791,741
9,30,28.393707,77.028603,28.409547999999997,77.03376,4718,761
10,30,28.424540000000004,77.034126,28.409547999999997,77.03376,4298,985
11,30,28.424128999999997,77.03609499999997,28.409547999999997,77.03376,4381,1018
12,30,28.404265999999996,77.045349,28.409547999999997,77.03376,2599,532
14,30,28.407685999999998,77.059799,28.409547999999997,77.03376,4602,901
15,30,28.41469600000001,77.069862,28.409547999999997,77.03376,5623,961
16,30,28.425392,77.042679,28.409547999999997,77.03376,3313,692
17,30,28.413244,77.111946,28.409547999999997,77.03376,10784,1441
18,30,28.406481,77.04248,28.409547999999997,77.03376,1616,300
19,30,28.412948999999998,77.069412,28.409547999999997,77.03376,5210,873
20,30,28.41283,77.057426,28.409547999999997,77.03376,4521,800
21,30,28.415783,77.05953199999998,28.409547999999997,77.03376,4165,878
22,30,28.417187,77.041855,28.409547999999997,77.03376,1741,358
23,30,28.409264,77.041443,28.409547999999997,77.03376,1454,322
24,30,28.406275,77.03942099999998,28.409547999999997,77.03376,1245,316
25,30,28.411682,77.039955,28.409547999999997,77.03376,763,182
26,30,28.396477,77.037178,28.409547999999997,77.03376,3881,646
27,30,28.39573900000001,77.032387,28.409547999999997,77.03376,3849,639
28,30,28.39342700000001,77.021744,28.409547999999997,77.03376,5112,750
29,30,28.417279999999998,77.039528,28.409547999999997,77.03376,1616,334
30,30,28.409547999999997,77.03376,28.409547999999997,77.03376,0,0
